qid,original_id,topic,trap_type,answer_letter,answer_text
1,1.1,General,pattern_recognition,A,Aqueductal stenosis
2,2.1,General,pattern_recognition,C,Atrophy of the substantia nigra Anatomy Neurology (Neurodegenerative disorders and dementias) None Subject System Topic
3,3.1,General,pattern_recognition,E,"T1 Wrong answer explanations: Choice A: C5 innervates the deltoid and biceps, with sensory distribution over the lateral upper arm. C5 radiculopathy causes weakness in shoulder abduction and elbow flexion, not the triceps or wrist extensors. The sensory loss would be proximal, not extending to the hand. Choice B: C6 affects the biceps, brachioradialis, and wrist extensors, and provides sensation to the lateral forearm and thumb/index fingers. C6 involvement may include reduced biceps or brachioradialis reflexes and lateral hand paresthesias, but it spares the middle finger and triceps. Choice D: C8 controls finger flexors and intrinsic hand muscles, with sensory distribution over the medial forearm and fourth/fifth digits. Weakness would be seen in grip strength and finger flexion, not wrist extension or triceps strength. This patient's distribution does not match C8. Choice E: T1 innervates the intrinsic hand muscles, including those responsible for finger abduction and fine motor control. T1 radiculopathy causes sensory loss over the medial arm and may cause difficulty with hand coordination, but not triceps weakness or middle finger numbness. Bottom line: C7 radiculopathy presents with triceps weakness, diminished triceps reflex, wrist extensor weakness, and numbness in the middle finger. It is typically due to foraminal narrowing at the C6–C7 level, and most cases improve with conservative therapy. Anatomy Neurology (Spinal cord disorders) None Subject System A 68-year-old man is brought to the emergency department by his wife due to confusion and difficulty attending to his surroundings. She reports that since waking up this morning, he has ignored food on the left side of his plate"
4,4.1,General,pattern_recognition,C,"Left occipital lobe Choice H: Located in the dominant posterior temporal lobe, this area governs language comprehension. Lesions result in fluent aphasia, not spatial neglect or visuospatial distortion."
5,5.1,General,pattern_recognition,C,"Collapse of intracerebral vessels from rising cranial pressure The Cushing reflex is the triad of hypertension, bradycardia, and irregular respirations. It results from compression of cerebral vessels and brainstem structures due to rising intracranial pressure."
6,8.1,General,pattern_recognition,B,Median nerve
7,9.1,General,pattern_recognition,D,Post-synaptic receptor upregulation Bottom line:
8,10.1,General,pattern_recognition,A,"Anterior horn cell This presentation is classic for Bell’s palsy, an acute peripheral facial nerve palsy causing weakness of both the upper and lower face with preserved sensation."
9,11.1,General,pattern_recognition,C,Lateral hypothalamus
10,12.1,General,pattern_recognition,B,Caudate nucleus Anatomy Neurology (Strokes & Stroke-related stuff) None
11,13.1,General,pattern_recognition,C,Multiple sclerosis
12,17.1,General,pattern_recognition,E,Pituitary adenoma Pathology Neurology (Headache) None Subject System Topic
13,18.1,General,pattern_recognition,E,Right optic nerve
14,19.1,General,pattern_recognition,E,"Strabismus the primary cause of ocular misalignment or diplopia; rather, it is a potential complication of untreated strabismus. Clinically, amblyopia presents as unilateral or bilateral decreased vision without a structural abnormality of the eye, and children typically do not have diplopia since the brain suppresses the weaker image. Treatment focuses on addressing the underlying cause (e.g., patching the dominant eye) to force use of the amblyopic eye and stimulate visual development. Choice B: Astigmatism is caused by an irregular curvature of the cornea or lens, resulting in distorted or blurred vision at all distances. The abnormal shape leads to light focusing at multiple points on the retina, compromising image clarity. This condition does not cause eye misalignment, diplopia, or abnormal cover-uncover test findings. Astigmatism commonly presents with visual blurring, headaches, and eyestrain, but does not produce diplopia or strabismus. It is corrected with cylindrical lenses that compensate for the irregular refractive power of the cornea or lens. Choice C: Hyperopia (farsightedness) occurs when the eyeball is too short anteroposteriorly or the cornea has insufficient curvature, causing light to focus behind the retina. Patients with hyperopia see distant objects more clearly than near objects, often leading to difficulty with close work. Children may compensate with increased accommodation, but this can cause eyestrain or headaches. Hyperopia does not cause ocular misalignment or diplopia, but uncorrected severe hyperopia can predispose to accommodative esotropia, a specific form of strabismus, which may overlap with this presentation but is not the general mechanism described here. Clinical presentation is typically blurry near vision, not double vision or shifting ocular fixation. Choice D: Myopia (nearsightedness) is due to an elongated eyeball or excessive corneal curvature, resulting in light focusing in front of the retina. This causes distant objects to appear blurry while near vision remains clear. Myopia does not cause strabismus or issues with binocular alignment, and patients do not exhibit abnormal findings on cover- uncover testing. Severe myopia increases the risk of retinal detachment due to elongation of the globe, but does not account for the described diplopia or misalignment. Clinical features center around blurry distance vision and frequent squinting, not double vision or depth perception loss. Bottom line: Strabismus is a disorder of ocular alignment that results in binocular vision loss, diplopia, and impaired depth perception, and can cause amblyopia if untreated. Differentiating strabismus from refractive errors like astigmatism, hyperopia, and myopia is critical, as only strabismus presents with eye misalignment and abnormal cover-uncover test. Pathology Neurology (Nerve injuries) None Subject System Topic"
15,20.1,General,pattern_recognition,E,Posterior communicating artery Anatomy Neurology (Strokes & Stroke-related stuff) None Subject System Topic
16,24.1,General,pattern_recognition,B,L3–L4
17,25.1,General,pattern_recognition,C,Anticoagulant therapy Amyloid angiopathy is a cause of hemorrhagic stroke in patients with Alzheimers.
18,26.1,General,pattern_recognition,C,"Idiopathic intracranial hypertension Choice A: Acetazolamide is a carbonic anhydrase inhibitor used to treat IIH by reducing CSF production. Its adverse effects include metabolic acidosis, hypokalemia, renal stones, and paresthesia, but it is not associated with causing increased intracranial pressure or the presenting syndrome. The patient is not taking this medication, nor is there"
19,27.1,General,pattern_recognition,D,D
20,28.1,General,pattern_recognition,D,Superficial peroneal (fibular) nerve
21,29.1,General,pattern_recognition,E,"Tension-type headache Temporal arteritis is a large-vessel vasculitis affecting older adults and should be suspected in any patient over 50 with new-onset headache, scalp tenderness, jaw claudication, and elevated ESR. Prompt corticosteroid therapy is critical to prevent irreversible vision loss due to ischemic optic neuropathy. Physiology Neurology (Headache) None Subject System Topic"
22,30.1,General,pattern_recognition,D,Pudendal
23,31.1,General,pattern_recognition,C,Lateral femoral cutaneous nerve Bottom line:
24,32.1,General,pattern_recognition,D,Right medial pons
25,33.1,General,pattern_recognition,A,Accessory nerve
26,35.1,General,pattern_recognition,D,Saphenous nerve
27,36.1,General,pattern_recognition,B,"Glossopharyngeal nerve his tongue motor function is intact, hypoglossal nerve injury is excluded in this case."
28,37.1,General,pattern_recognition,E,Serotonin Bottom line: Parkinson disease is caused by degeneration of dopaminergic neurons in the substantia nigra pars compacta. Anatomy Neurology (Neurodegenerative disorders and dementias) None Subject System Topic
29,38.1,General,pattern_recognition,A,Common peroneal (fibular) nerve
30,39.1,General,pattern_recognition,B,"Jaw opening strength Choice E: Tongue protrusion is mediated by the hypoglossal nerve (cranial nerve XII), which exits the skull via the hypoglossal canal. A lesion of CN XII produces tongue deviation toward the side of the lesion due to unopposed action of the contralateral genioglossus muscle. CN XII does not carry taste fibers nor does it innervate facial expression muscles. The absence of tongue deviation and preserved speech makes hypoglossal nerve injury unlikely. This patient’s deficits are best explained by facial nerve dysfunction, not hypoglossal involvement."
31,40.1,General,pattern_recognition,D,"Ischemic infarction of the anterior spinal artery Choice A: Cauda equina syndrome results from compression of the lumbosacral nerve roots below the level of the conus medullaris, typically below L2. It presents with gradual-onset symptoms, including asymmetric leg weakness, decreased reflexes, saddle anesthesia, and bladder dysfunction. Unlike conus medullaris syndrome, reflexes are"
32,41.1,General,pattern_recognition,D,Left posterior superior temporal gyrus
33,42.1,General,pattern_recognition,E,"Tibial nerve A 42-year-old man is brought to the emergency department by his spouse because of progressive weakness over the past 5 days. One week ago, he developed low- grade fever, abdominal cramps, and watery diarrhea that resolved spontaneously"
34,43.1,General,pattern_recognition,D,Disruption of synaptic vesicle docking at terminals gy system) e Subject System Topic
35,44.1,General,pattern_recognition,B,Degeneration of the substantia nigra
36,46.1,General,pattern_recognition,E,"Shoulder Dermatomal distribution. Wrong answer explanations: Choice A: Referred pain to the anterior thigh maps to L2–L4 dermatomes via the femoral nerve, classically seen with hip joint pathology (eg, osteoarthritis, femoral neck fracture), iliopsoas irritation, or L3 radiculopathy. Although proximal ureteral colic originates around T10–T12 and can cause flank/loin pain, it does not typically project to the true anterior thigh distribution of the femoral nerve. In ureteric stones, migration to the distal ureter shifts pain toward L1–L2 dermatomes, favoring the groin rather than the anterior thigh, making this choice incorrect in this clinical setting. Choice C: Medial thigh pain follows the obturator nerve (L2–L4), often implicated in obturator hernias, pelvic sidewall pathology, or hip osteoarthritis causing adductor spasm. This distribution is not the canonical referral pattern for ureteral colic, which tracks sympathetic afferents from T10–L2 and shifts flank → lower quadrant → groin as the stone descends. Because the obturator territory is not the typical target for distal ureteral pain, medial thigh radiation is not the best answer here. Choice D: The perineum is innervated predominantly by the pudendal nerve (S2–S4) and is a hallmark referral zone for anorectal disease, pelvic floor disorders, perineal abscess, and urogenital conditions centered in the distal urethra or external genitalia. Ureteral visceral afferents do not travel with sacral parasympathetics; instead they accompany sympathetic fibers to T10–L2, explaining why perineal radiation is not expected in ureteric stone pain. Given this distinct neuroanatomy, perineal localization is inconsistent with the scenario of migrating ureteral colic. Choice E: The shoulder is a common site of referred pain from diaphragmatic irritation via the phrenic nerve (C3–C5), seen in conditions such as subphrenic abscess, splenic rupture, or peritonitis involving the diaphragm. This dermatomal distribution is entirely unrelated to ureteral innervation, which travels via sympathetic fibers from T10–L2. Because the neuroanatomic pathways are completely different, shoulder radiation would not occur in ureteral colic, making this choice entirely incorrect for this patient’s presentation. Bottom line: Ureteral colic from nephrolithiasis produces severe, colicky flank pain that changes location as the stone migrates, reflecting the T10–L2 visceral afferent pathway. When the stone reaches the distal ureter, pain is referred to the groin via shared innervation with the genitofemoral nerve (L1–L2). Anatomy Neurology (Innervation of Other organ systems) None"
37,47.1,General,pattern_recognition,D,D Choice A = hippocampus; B = crus cerebri; C = ventral medial nucleus of thalamus; D = substantia nigra; E = subthalamic nucleus; F = ventral lateral nucleus of thalamus.
38,48.1,General,pattern_recognition,A,Left internal capsule
39,50.1,General,pattern_recognition,A,Crus cerebri
40,52.1,General,pattern_recognition,B,"L3 difficulties from S1 involvement typically manifest as trouble standing on tiptoes, not dragging the foot. The straight-leg test can be positive in S1 or L5 lesions, but the remaining findings clearly point to L5."
41,54.1,General,pattern_recognition,E,"Retinal detachment Idiopathic intracranial hypertension should be suspected in young obese women who present with headache, papilledema, and transient visual symptoms, especially when neuroimaging is normal. Pathology Neurology (Headache) None Subject System Topic"
42,58.1,General,pattern_recognition,E,Lesion of the trigeminal nerve other cranial nerves. Anatomy Neurology (Nerve injuries) None Subject System Topic
43,59.1,General,pattern_recognition,B,Inferior rectus
44,60.1,General,pattern_recognition,C,"Dorsal motor nucleus of the vagus The area postrema, located on the dorsal medulla at the caudal fourth ventricle, is the chemoreceptor trigger zone for vomiting. It lacks a typical blood-brain barrier and detects circulating toxins to initiate the emetic reflex. Lesions to this region abolish vomiting responses without affecting other parasympathetic outputs."
45,61.1,General,pattern_recognition,C,T4
46,62.1,General,pattern_recognition,D,Radial nerve compression in the axilla
47,65.1,General,pattern_recognition,B,Axillary nerve
48,66.1,General,pattern_recognition,A,"A deficit involves shoulder abduction, which the ulnar nerve does not control. Label E, identifying the ulnar nerve, is anatomically correct but irrelevant to the symptoms described."
49,67.1,General,pattern_recognition,C,"Lateral femoral cutaneous nerve Choice E: The tibial nerve innervates the posterior compartment, responsible for plantarflexion and inversion. A tibial nerve injury would lead to difficulty pushing off with the foot or standing on the toes, neither of which are reported. Additionally, this nerve does not innervate the dorsiflexors or evertors of the foot. Since the patient’s plantarflexion is"
50,68.1,General,pattern_recognition,A,"Dorsal primary ramus well-localized, characteristic of somatic afferents, not vagus-mediated visceral pain. Furthermore, a superficial anesthetic injection at the rib level would not impact vagus nerve function, which lies deeper and medially in the thorax. Since the vagus does not mediate somatic thoracic wall pain, this nerve is not the correct answer."
51,69.1,General,pattern_recognition,B,"Elevated anti-acetylcholine receptor antibodies intrathecal IgG synthesis. These findings are not present in GBS, which is a peripheral demyelinating condition and instead shows albuminocytologic dissociation."
52,70.1,General,pattern_recognition,E,Physiologic tremor Physiology Neurology (Disorders of peripheral nerves and muscles) None Subject System Topic
53,71.1,General,pattern_recognition,A,Femoral nerve
54,74.1,General,pattern_recognition,C,"Lesion of the left abducens nerve (CN VI) MLF syndrome is pathognonomic for multiple sclerosis (MS) on USMLE. It will usually be a woman 20s-30s with these eye findings, or MS can present with optic neuritis, which is impaired color vision, impaired visual acuity, or even central scotomas (blind spots). D. Lesion of the left oculomotor nerve (CN III) E. Uncal herniation with compression of CN III Wrong answer explanations: Choice B: While this answer describes a plausible mechanism—MLF demyelination—it is incorrect due to lateralization. The patient’s left eye fails to adduct when she looks to the right, which indicates a left-sided MLF lesion. A lesion in the right MLF would impair adduction of the right eye during leftward gaze—a mirror- image presentation. This is a common distractor on exams because students may overlook the importance of gaze direction. Always match the direction of gaze and the affected eye to localize the lesion accurately. Choice C: A lesion of the left CN VI would impair abduction of the left eye, not adduction, and would cause horizontal diplopia when looking to the left. In this vignette, the left eye fails to adduct during rightward gaze, making this diagnosis anatomically incompatible. Furthermore, there would be no nystagmus in the contralateral eye with a CN VI lesion. The patient also lacks other signs of a full horizontal gaze palsy. In cavernous sinus thrombosis, CN VI is often the first and most commonly affected due to its central location within the sinus. It is the most medial nerve in the cavernous sinus, making it vulnerable to compression or inflammation. USMLE likes that. Choice D: A CN III lesion would cause ptosis, pupil dilation, and impaired adduction, elevation, and depression of the eye, often resulting in a “down and out” appearance. None of these signs are present. Convergence is also preserved in this case, which would not be possible with a CN III palsy affecting the medial rectus. The deficit described is specific to horizontal gaze adduction, not global oculomotor dysfunction. Choice E: Uncal herniation occurs when the medial temporal lobe (uncus) is displaced downward through the tentorial notch due to increased intracranial pressure. This compresses the ipsilateral CN III, leading to a dilated pupil, ptosis, and eye positioned ""down and out"" due to unopposed action of the lateral rectus and superior oblique muscles. Early pupillary dilation is a HY finding on USMLE and indicates brainstem compression. High Yield USMLE Audio Answer: Cut to the chase Audio Answer: Bottom line: MLF syndrome (aka INO) is pathognomonic for MS on USMLE. The patient won't be able to adduct with the ipsilateral eye when abducting the contralateral eye. Convergence is intact, since CN III is intact. Pathology Neurology (Demyelinating diseases) None"
55,75.1,General,pattern_recognition,A,"Axillary nerve typically results in wrist drop, finger extension weakness, and sensory deficits over the posterior forearm and hand. While the radial nerve contributes to supination, it does so via the supinator muscle; full supination also requires the biceps, which is innervated by the musculocutaneous nerve. The absence of wrist drop and the presence of lateral forearm sensory loss in this patient make radial nerve injury unlikely."
56,76.1,General,pattern_recognition,B,"deformity, finger weakness, or medial hand numbness. The described lateral forearm sensory loss is not in the ulnar nerve distribution. Although label E correctly identifies the ulnar nerve, it is not implicated here. B"
57,77.1,General,pattern_recognition,E,Weakness in forearm pronation
58,78.1,General,pattern_recognition,B,Left middle cerebral artery
59,79.1,General,pattern_recognition,D,Right biceps Cut to the chase Audio Answer:
60,81.1,General,pattern_recognition,F,Posterior superior temporal gyrus
61,82.1,General,pattern_recognition,D,"D infarcts can impair consciousness depending on their extent. Hypertensive small vessel disease is a major cause of lacunar infarcts affecting the thalamus, leading to characteristic pure sensory strokes. The vascular supply comes mainly from penetrating branches of the posterior cerebral artery. Damage here would result in deficits distinct from"
62,83.1,General,pattern_recognition,B,Cryptococcal meningoencephalitis
63,84.1,General,pattern_recognition,E,Medulloblastoma
64,85.1,General,pattern_recognition,B,"B Pure motor stroke = contralateral face, arm, leg weakness → posterior limb of internal capsule → lacunar infarct (lenticulostriate vessels) in chronic hypertension."
65,87.1,General,pattern_recognition,E,"Chronic hypertension Subarachnoid hemorrhage. Bottom line: Subdural hematoma is commonly due to rupture of bridging veins, particularly in elderly patients with cerebral atrophy. Risk factors like alcoholism, deceleration events (car accidents / falls), and dementia are HY for USMLE. In pediatrics, shaken baby syndrome is also an important cause. Pathophysiology Neurology (Traumatic brain injuries) None Subject System Topic"
66,89.1,General,pattern_recognition,E,E Anatomy Neurology (Strokes & Stroke-related stuff) None Subject System Topic
67,92.1,General,pattern_recognition,C,Migraine without aura Bottom line:
68,93.1,General,pattern_recognition,D,Propranolol Bottom line:
69,94.1,General,pattern_recognition,B,Arnold-Chiari I malformation Wrong answer explanations:
70,95.1,General,pattern_recognition,D,Sciatic nerve
71,96.1,General,pattern_recognition,D,Impaired cerebrospinal fluid absorption
72,97.1,General,pattern_recognition,D,T-cell-mediated attack on oligodendrocytes
73,98.1,General,pattern_recognition,E,"Thoracodorsal nerve against the thoracic wall. Choice E: The thoracodorsal nerve arises from the posterior cord and innervates the latissimus dorsi muscle, a large muscle involved in arm extension, adduction, and internal rotation. This nerve can indeed be injured during axillary lymph node dissection, as it travels in the axillary region. However, thoracodorsal nerve damage results in weakness with activities like climbing or swimming, not scapular winging. The latissimus dorsi does not stabilize the scapula against the thoracic wall; that role belongs to the serratus anterior. Additionally, this patient has no difficulty with powerful upper limb movements, but instead shows a prominent medial border of the scapula, indicating a serratus anterior issue. Bottom line: The long thoracic nerve innervates the serratus anterior and stabilizes the scapula. Injury leads to scapular winging, especially when pushing against resistance. Surgical trauma, particularly during mastectomy or axillary dissection, is a common cause. Anatomy Neurology (Disorders of peripheral nerves and muscles) None"
74,101.1,General,pattern_recognition,B,B Bottom line:
75,102.1,General,pattern_recognition,D,Loss of taste sensation on the posterior third of the tongue
76,103.1,General,pattern_recognition,B,T4
77,104.1,General,pattern_recognition,B,"Basis pontis Central pontine myelinolysis from rapid sodium correction damages the basis pontis, leading to locked-in syndrome with preserved consciousness and vertical eye movement but complete motor paralysis."
78,105.1,General,pattern_recognition,E,"Right medial medulla Wrong answer explanations: Choice A: lateral medulla gives cranial nerve IX/X findings (hoarseness, dysphagia), not tongue deviation. Choice C: pons lesions usually affect cranial nerve VI (abducens palsy) or VII (facial droop), not tongue deviation or limb weakness. Choice D: lateral medulla gives hoarseness, dysphagia, and Horner syndrome — not tongue deviation or full body weakness. Choice E: medial medulla would fit, but the lesion is on the left, not the right, because the tongue points to the left. Bottom line: Tongue deviation and body weakness = medial medulla on the same side as the tongue points. Think ASA. Anatomy Neurology (Strokes & Stroke-related stuff) None"
79,106.1,General,pattern_recognition,H,
80,108.1,General,pattern_recognition,E,E splinting or triamcinolone injection is often the preferred treatment on USMLE. Anatomy Neurology (Disorders of peripheral nerves and muscles) None Subject System Topic
81,109.1,General,pattern_recognition,B,"nerve plays no role in ankle movement — including plantarflexion or inversion — so its involvement is anatomically incompatible with the findings. Furthermore, the mechanism of injury and preserved gait strongly argue against femoral neuropathy. Femoral nerve"
82,110.1,General,pattern_recognition,A,Amyotrophic lateral sclerosis
83,111.1,General,pattern_recognition,D,Lambert-Eaton syndrome Pathophysiolog Neurology (Disorders of peripheral nerves and Non y muscles) e
84,112.1,General,pattern_recognition,B,"Outlet obstruction In older adults, UTIs may cause transient incontinence due to bladder irritation. However, this patient has no dysuria, fever, hematuria, suprapubic tenderness, or systemic symptoms, and her chronic symptom course is inconsistent with acute infection."
85,113.1,General,pattern_recognition,B,"Loss of sensation over lateral deltoid Fractures of the surgical neck of the humerus can injure the axillary nerve, leading to loss of sensation over the lateral shoulder and possible deltoid weakness."
86,116.1,General,pattern_recognition,D,Sural nerve
87,117.1,General,pattern_recognition,B,Hemineglect
88,118.1,General,pattern_recognition,A,"Common peroneal nerve Choice E: Tibial nerve injury leads to weakness in plantarflexion, toe flexion, and foot inversion, with sensory loss on the sole of the foot. It is often injured in posterior knee dislocations, trauma to the popliteal fossa, or deep posterior leg compartment syndrome. This patient has preserved plantarflexion and sensation on the sole of the foot, making tibial involvement highly unlikely. Furthermore, the location of trauma (anterior shin) does not anatomically correspond to the tibial nerve's pathway."
89,119.1,General,pattern_recognition,D,"Intracellular Lewy body deposition of α-synuclein Alzheimer disease causes slowly progressive memory loss and cognitive decline due to amyloid-β plaque accumulation, tau tangles, and cholinergic deficits. Diagnosis is clinical with supportive imaging/biomarkers, and management is supportive with cholinesterase inhibitors, memantine, and caregiver support."
90,120.1,General,pattern_recognition,A,Abducens nucleus
91,121.1,General,pattern_recognition,E,Pituitary adenoma
92,122.1,General,pattern_recognition,E,"Optic neuritis Wrong answer explanations: Choice A: Central retinal artery occlusion (CRAO) presents as sudden, painless, complete monocular vision loss, often associated with a cherry-red spot on fundus exam and a history of vascular risk factors (e.g., atrial fibrillation, carotid atherosclerosis). It does not cause eye pain, afferent pupillary defect, or signs of demyelination elsewhere in the CNS, such as clonus or urinary incontinence. CRAO is an ophthalmologic emergency but is not associated with demyelinating plaques or young women. Choice B: Guillain-Barré syndrome (GBS) is an acute, immune-mediated demyelinating polyneuropathy affecting the peripheral nervous system, with ascending weakness, areflexia, and possible autonomic instability. GBS does not involve central demyelination, optic neuritis, or upper motor neuron findings. It typically follows a gastrointestinal or respiratory infection (e.g., Campylobacter jejuni) and is managed with IVIG or plasmapheresis. GBS spares the optic nerve, which is part of the CNS. Choice C: Internuclear ophthalmoplegia (INO) results from demyelination of the medial longitudinal fasciculus (MLF), also seen in MS. INO is characterized by impaired adduction of the ipsilateral eye and nystagmus of the contralateral eye during attempted lateral gaze. Unlike optic neuritis, INO does not present with acute vision loss or pain; instead, patients complain of diplopia. Clinical examination shows preserved pupillary light reflex, distinguishing it from optic neuritis. INO is highly associated with MS but is not the best match for the patient's acute monocular visual loss and afferent pupillary defect. Choice D: Myasthenia gravis is an autoimmune disorder targeting the acetylcholine receptor at the neuromuscular junction, causing fluctuating skeletal muscle weakness and fatigability, especially of ocular and bulbar muscles. It causes ptosis and diplopia but does not present with optic nerve dysfunction, afferent pupillary defect, upper motor neuron signs, or MRI findings of white matter plaques. Treatment includes acetylcholinesterase inhibitors and immunosuppression, not disease-modifying therapy for demyelination. Bottom line: Optic neuritis is a highly testable initial manifestation of multiple sclerosis, presenting with painful, acute, monocular vision loss and a relative afferent pupillary defect. MS should be considered in young women with CNS demyelination symptoms, including upper motor neuron findings and urinary incontinence. Pathology Neurology (Demyelinating diseases) None"
93,124.1,General,pattern_recognition,D,Prior episode of rheumatic fever
94,125.1,General,pattern_recognition,E,Multiple sclerosis
95,126.1,General,pattern_recognition,D,L5
96,127.1,General,pattern_recognition,C,"Multiple sclerosis Electromyography and nerve conduction studies are often used to diagnose peripheral neuropathy, which is not the case for RLS. These two disorders may superficially resemble each other, but they arise from entirely different mechanisms."
97,129.1,General,pattern_recognition,C,C Bottom line:
98,131.1,General,pattern_recognition,E,"E Choice G: The midbrain contains descending corticospinal tracts, as well as cranial nerve nuclei (e.g., CN III). A stroke here can cause contralateral hemiparesis with ipsilateral oculomotor palsy (Weber syndrome; NBME assesses this). It lies below the thalamus and contributes to the brainstem stroke syndromes, not cortical"
99,132.1,General,pattern_recognition,G,
100,133.1,General,pattern_recognition,B,B
101,136.1,General,pattern_recognition,D,S1
102,137.1,General,pattern_recognition,C,C Wrong answer explanations:
103,138.1,General,pattern_recognition,B,Hypoglossal nerve (CN XII)
104,139.1,General,pattern_recognition,C,Left midbrain
105,140.1,General,pattern_recognition,B,"B Choice D: This is the primary somatosensory cortex for the contralateral leg, located posterior to the central sulcus on the medial hemisphere. A lesion here would cause numbness, tingling, or paresthesias in the opposite leg. Sensory symptoms without weakness localize here rather than the motor cortex. Choice E: The corpus callosum is the major commissural fiber tract that connects the left and right hemispheres. Lesions here may cause disconnection syndromes, like ""alien hand syndrome"" or difficulty coordinating bilateral limb movements. It is not involved in primary motor or sensory deficits, but infarcts here can"
106,141.1,General,pattern_recognition,B,B
107,142.1,General,pattern_recognition,A,"Cluster headache Choice E: Trigeminal neuralgia is characterized by sudden, severe, electric shock-like pain affecting the distribution of cranial nerve V, usually the maxillary (V2) or mandibular (V3) branches, with episodes lasting seconds to minutes and often triggered by sensory stimuli like washing the face or chewing. The hallmark of trigeminal neuralgia is its"
108,143.1,General,pattern_recognition,A,"Acetylcholine Choice E: Serotonergic dysregulation from dorsal raphe involvement is central to mood disorders and can influence appetite, sleep, and affective symptoms; late-life depression may mimic cognitive impairment (“pseudodementia”) but improves with effective treatment. Serotonin changes can accompany various dementias, yet they are not the"
109,144.1,General,pattern_recognition,B,C8–T1 nerve root injury affecting lower trunk of brachial plexus
110,146.1,General,pattern_recognition,D,Superficial peroneal nerve
111,147.1,General,pattern_recognition,D,Pinealoma Pathology Neurology (Tumors/Malignancy of the nervous system) None Subject System Topic
112,148.1,General,pattern_recognition,D,"Trauma Choice C: Coagulopathy is a risk factor for many types of intracranial hemorrhage, including subdural and epidural hematomas, especially in nontraumatic cases. However, in this patient, no anticoagulant use or bleeding disorder is reported. The cause of bleeding is clearly traumatic, so coagulopathy is less relevant here. Choice E: Vascular malformation may cause spontaneous intracranial hemorrhage but typically results in intraparenchymal or subarachnoid hemorrhage, not epidural. Such malformations are rare in adolescents, and no prior neurological symptoms or imaging abnormalities were noted."
113,149.1,General,pattern_recognition,D,Radial nerve injury
114,150.1,General,pattern_recognition,D,"Round, silver-staining inclusions in neurons"
115,151.1,General,pattern_recognition,C,Posterior cerebral artery
116,152.1,General,pattern_recognition,C,"Guillain-Barré syndrome paraneoplastic syndrome of thymoma; 10–15% of patients have one, so chest imaging (initially X-ray, then CT if abnormal) is warranted. The ascending weakness with areflexia seen in this patient is not compatible with MG. D. Multiple sclerosis E. Myasthenia gravis Bottom line: Guillain-Barré syndrome is an acute autoimmune disorder in which T cells and antibodies target and destroy Schwann cells, leading to demyelination of peripheral nerves with ascending symmetric weakness and decreased reflexes. It is treated with IVIG or plasmapheresis; steroids are the wrong answer. Pathology Neurology (Demyelinating diseases) None Subject System Topic"
117,155.1,General,pattern_recognition,B,"Femoral nerve injury. Moreover, the injury occurred at the lateral knee, a location far from the course of the tibial nerve. The findings are entirely inconsistent with tibial involvement and localize instead to the anterior and lateral compartments, supplied by the peroneal nerve."
118,156.1,General,pattern_recognition,E,"Tibial nerve Bottom line: The femoral nerve innervates the quadriceps muscles, responsible for knee extension. Injury presents with knee buckling, difficulty straightening the leg, and sometimes hip flexion weakness. Anatomy Neurology (Disorders of peripheral nerves and muscles) None"
119,157.1,General,pattern_recognition,C,Migraine with aura
120,158.1,General,pattern_recognition,E,"Viral reactivation in the trigeminal ganglion the preferred surgical option, physically separating the offending vessel from the nerve root to relieve compression. Other procedures include percutaneous radiofrequency rhizotomy or gamma knife radiosurgery, which selectively damage pain fibers to reduce symptoms. Wrong answer explanations: Choice A: Axonal demyelination of facial motor fibers produces an acute, lower motor neuron palsy of cranial nerve VII with forehead involvement, loss of nasolabial fold, impaired eye closure, hyperacusis from stapedius weakness, and possible loss of taste on the anterior two thirds of the tongue. Pathology involves inflammatory demyelination of the facial nerve within the facial canal, leading to conduction block and flaccid facial weakness rather than paroxysmal pain. Symptoms evolve over hours to days and are not characteristically stimulus-triggered. Neurologic examination is abnormal between episodes in true facial nerve palsy. The vignette shows shock-like, touch-precipitated facial pain with a normal exam between attacks, which does not fit facial motor fiber demyelination. Choice B: Compression of the geniculate ganglion affects the sensory and parasympathetic components of the facial nerve, often causing deep otalgia, altered taste, decreased lacrimation, and progressive facial weakness from involvement of adjacent motor fibers. Tumor-related compression typically produces gradually worsening, persistent deficits rather than brief, electric, trigger-induced pain spells. Examination frequently reveals facial asymmetry or sensory changes, and imaging often shows a mass along the facial nerve pathway. The case features normal interictal neurologic findings and stimulus-evoked paroxysms in the trigeminal distribution, which are not explained by geniculate ganglion compression. Choice D: Small-vessel ischemia of brainstem sensory nuclei reflects lacunar pathology from lipohyalinosis or microatheroma in long-standing hypertension or diabetes, producing sustained sensory loss, dysesthesias, or ataxic syndromes depending on the tract involved. Deficits are continuous, often with accompanying objective signs on examination, and onset correlates with an ischemic event rather than dozens of brief attacks per day. Pain from central post-stroke phenomena is typically persistent or waxing–waning, not seconds-long shocks triggered by light touch. A normal neurologic examination between episodes and stimulus sensitivity argue strongly against a lacunar ischemic mechanism. Choice E: Viral reactivation in the trigeminal ganglion classically causes herpes zoster in the V1–V3 dermatomes, presenting with prodromal burning pain followed by a unilateral vesicular eruption on an erythematous base and possible ocular involvement with V1 disease. Pathogenesis involves latent varicella-zoster virus replicating within sensory neurons, leading to inflammation and persistent neuropathic pain that may evolve into postherpetic neuralgia. The clinical course features continuous or lingering pain rather than very brief, electric, triggerable paroxysms; skin findings are typical, and examination often reveals cutaneous lesions. The absence of rash and the paroxysmal, touch- precipitated pattern make zoster reactivation unlikely here. Bottom line: Trigeminal neuralgia most commonly results from microvascular compression of the trigeminal nerve root by an aberrant arterial loop, producing focal demyelination and ephaptic cross-talk between sensory fibers. This pathology converts normal tactile stimuli into intense paroxysmal pain, often precipitated by light touch or facial movement, and is managed with sodium channel–blocking anticonvulsants. Anatomy Neurology (Disorders of peripheral nerves and muscles) None"
121,159.1,General,pattern_recognition,D,Temporomandibular joint disorder Bottom line:
122,160.1,General,pattern_recognition,C,Right abducens nucleus is classically associated with multiple sclerosis in young patients and stroke in older adults.
123,161.1,General,pattern_recognition,C,Decreased blood supply to the muscles Bottom line:
124,162.1,General,pattern_recognition,E,"S1 Bottom line: L4 radiculopathy causes diminished knee reflex, weakened knee extension, and sensory loss over the anterior thigh and medial leg. It results from L3–L4 disc herniation compressing the L4 nerve root. USMLE commonly tests L4 by presenting cases with knee reflex loss and medial leg symptoms. Anatomy Neurology (Spinal cord disorders) None Subject System Topic A 72-year-old man presents with severe, persistent burning pain and allodynia"
125,163.1,General,pattern_recognition,C,"Left thalamus Thalamic pain syndrome is a chronic, severe neuropathic pain condition that occurs after a stroke involving the ventral posterolateral (VPL) or ventral posteromedial (VPM) nuclei of the thalamus, which relay sensory information. It presents with burning, electric-like pain and allodynia on the contralateral side of the body,"
126,164.1,General,pattern_recognition,A,Basilar skull fracture with brainstem herniation
127,165.1,General,pattern_recognition,B,"Herpetic neuralgia Choice E: Temporal arteritis (giant cell arteritis) is a granulomatous vasculitis affecting large and medium arteries, classically the branches of the external carotid artery in patients over 50 years old. Symptoms include new-onset temporal headache, scalp tenderness, jaw claudication, visual disturbances (amaurosis fugax), and possible association with polymyalgia rheumatica. Diagnosis is supported by markedly elevated ESR and temporal artery biopsy showing multinucleated giant cells. Immediate high-dose corticosteroids are indicated to prevent irreversible blindness. Temporal arteritis does not present with short, stabbing, periorbital attacks or autonomic symptoms, and is rare in patients under"
128,168.1,General,pattern_recognition,E,"Trochlear nerve palsy can occur due to increased intracranial pressure or brainstem lesions, but it does not cause ptosis or pupillary changes. Management focuses on addressing underlying causes, such as reducing intracranial pressure or treating infection/tumor. Choice B: The medial longitudinal fasciculus (MLF) is a brainstem tract coordinating horizontal eye movements between cranial nerves III and VI. Lesions cause internuclear ophthalmoplegia (INO), classically presenting as impaired adduction of the ipsilateral eye with nystagmus of the abducting contralateral eye during horizontal gaze. INO is commonly seen in multiple sclerosis (younger adults) or brainstem stroke (older adults). The illustration would show failure of one eye to adduct past midline with preserved convergence. No ptosis, mydriasis, or 'down and out' position occurs. Treatment targets the underlying neurologic disorder. Choice D: The optic nerve (cranial nerve II) transmits visual information. Lesions produce monocular vision loss, relative afferent pupillary defect, reduced visual acuity, and possibly central scotoma or loss of color vision (as in optic neuritis). The illustration would show a loss of visual field in one eye, not abnormal eye movement or ptosis. Optic nerve damage occurs in demyelinating diseases (multiple sclerosis), ischemic optic neuropathy, or compressive lesions. Empiric treatment for optic neuritis is high-dose corticosteroids; other causes require disease-specific therapy. Choice E: The trochlear nerve (cranial nerve IV) innervates the superior oblique muscle, which primarily intorts and depresses the eye when adducted. A lesion results in vertical diplopia, worse when looking down and in (e.g., reading, descending stairs). Patients characteristically tilt their head away from the affected side to compensate. The illustration would show an eye slightly elevated when attempting downward gaze and head tilt to the contralateral side. Trochlear nerve palsy rarely produces a blown pupil or ptosis and is most commonly caused by trauma (due to its long intracranial course) or microvascular ischemia. Treatment is generally supportive, with corrective prism glasses or surgery for persistent diplopia. Bottom line: A ""down and out"" eye with ptosis and mydriasis after head trauma is classic for oculomotor nerve (CN III) palsy, often due to direct injury, aneurysmal compression, or uncal herniation. Anatomy Neurology (Strokes & Stroke-related stuff) None Subject System Topic"
129,169.1,General,pattern_recognition,C,Dura mater
130,171.1,General,pattern_recognition,E,"Transverse inflammation of the thoracic spinal cord Choice A: This would typically result in anterior spinal artery syndrome, which affects the anterior two-thirds of the spinal cord. The classic findings include loss of motor function and loss of pain and temperature sensation below the lesion, with preserved dorsal column function (vibration and proprioception). However, this patient has peripheral nerve involvement (decreased reflexes, saddle anesthesia, weak rectal tone), pointing to lower motor neuron injury rather than spinal cord infarction. Furthermore, this condition usually has sudden onset, whereas this patient's presentation is gradual. Choice C: This would be characteristic of conditions like multiple sclerosis (MS), which typically presents in younger patients and often causes central nervous system demyelination, not peripheral nerve root involvement. MS may present with spasticity and upper motor neuron signs, such as increased tone and hyperreflexia. In contrast, this patient has lower motor neuron signs (e.g., decreased reflexes) and a cancer history that makes compression more likely than demyelination. Choice D: Injury to the conus medullaris would also present with bladder dysfunction and perianal numbness, but it tends to occur suddenly and often results in symmetric findings. This patient's gradual onset, asymmetric weakness, and clear lower motor neuron signs with involvement of multiple lumbosacral nerve roots favor cauda equina syndrome instead. In addition, the conus is located at L1–L2, and damage there would typically not cause hyporeflexia of the knees (L3–L4). Choice E: This describes transverse myelitis, which is an inflammatory lesion affecting the spinal cord at a single segment. It commonly presents with bilateral motor and sensory loss, a clearly defined sensory level, and often autonomic dysfunction. However, this patient's findings — including saddle anesthesia, decreased rectal tone, and asymmetric leg symptoms — are not consistent with a thoracic spinal cord lesion, especially given the lack of a sensory level. Bottom line: Cauda equina syndrome = gradual-onset urinary retention + leg pain + saddle anesthesia Caused by compression of lumbosacral nerve roots (LMN signs). USMLE likes prostate, breast, or lung metastases as triggers for this condition Anatomy Neurology (Spinal cord disorders) None"
131,172.1,General,pattern_recognition,B,"B Bottom line: USMLE wants you to know the inferior cerebellar peduncles, medial lemnisci, and pyramids on 2D cross-section of the medulla. If you don't like it, don't take it up with me; take it up with the USMLE. ICP lesions cause ipsilateral ataxia and dysmetria. Medial lemniscus lesions cause diminished vibration and proprioception. C. C Pyramid lesions cause weakness. D. D Anatomy Neurology (Strokes & Stroke-related stuff) None E. E Subject System Topic F. F"
132,173.1,General,pattern_recognition,E,"Right pons Wrong answer explanations: Choice A: Left lateral medulla would produce Wallenberg syndrome, involving CNs IX and X, with hoarseness, dysphagia, and sensory deficits—not tongue deviation or hemiparesis. Choice C: Right lateral medulla would produce symptoms on the opposite side of the brainstem and does not explain leftward tongue deviation or right hemiparesis. Choice D: Right medial medulla would result in right tongue deviation and left-sided hemiparesis, opposite of this patient’s findings. Choice E: The pons contains nuclei for CN V, VI, and VII. Lesions here do not cause tongue deviation, which is a medullary sign. Bottom line: A medial medullary lesion causes ipsilateral tongue deviation and contralateral hemiparesis due to damage to CN XII and corticospinal fibers. Anatomy Neurology (Strokes & Stroke-related stuff) None"
133,174.1,General,pattern_recognition,E,Syrinx formation in the cervical spinal cord Anatomy Neurology (Spinal cord disorders) None Subject System Topic
134,175.1,General,pattern_recognition,A,Basilar skull fracture
135,176.1,General,pattern_recognition,C,Oculomotor nerve (III)
136,177.1,General,pattern_recognition,B,Frontal lobe Bottom line:
137,178.1,General,pattern_recognition,D,D
138,179.1,General,pattern_recognition,D,Superficial peroneal (fibular) nerve
139,180.1,General,pattern_recognition,D,"Radial nerve injury pinching paper without thumb flexion), and sensory loss in the fourth and fifth fingers. Although ulnar nerve compression can cause motor symptoms in the hand, it does not lead to wrist drop, and it is not associated with humeral midshaft fractures."
140,181.1,General,pattern_recognition,C,"Musculocutaneous nerve Radial nerve injury is commonly associated with midshaft humeral fractures and results in wrist drop and dorsal hand sensory loss, particularly in the first dorsal web space. The triceps reflex may be spared due to proximal branching."
141,182.1,General,pattern_recognition,B,Apraxia Cut to the chase Audio Answer:
142,183.1,General,pattern_recognition,C,"Apperceptive agnosia from occipitotemporal damage Choice H: Wernicke aphasia causes fluent but nonsensical speech, impaired comprehension, and poor repetition, usually due to superior temporal gyrus damage in the dominant hemisphere. Language is intact in this patient."
